record_type,execution_time,fill_quantities,order_ref,settlement_date,code,name,market,account_type,product_type,side,credit_type,conversion_rate,quantity,price_jpy,fees_jpy
SYNTHETIC_DEMO,2026-04-30 10:00:00|2026-04-30 10:02:00,50|50,#900000001,,7203,Toyota - SYNTHETIC TRADES,TSE,,,買付,,,100,3012,10
SYNTHETIC_DEMO,2026-05-22 10:00:00,100,#900000002,,7203,Toyota - SYNTHETIC TRADES,TSE,,,売付,,,100,3006,10
SYNTHETIC_DEMO,2026-06-19 10:00:00|2026-06-19 10:03:00,100|100,#900000003,,7203,Toyota - SYNTHETIC TRADES,TSE,,,買付,,,200,2766,20
SYNTHETIC_DEMO,2026-07-17 10:00:00,200,#900000004,,7203,Toyota - SYNTHETIC TRADES,TSE,,,売付,,,200,2879,20
SYNTHETIC_DEMO,2026-08-21 10:00:00,100,#900000005,,7203,Toyota - SYNTHETIC TRADES,TSE,,,買付,,,100,3113,10
SYNTHETIC_DEMO,2026-09-18 10:00:00,100,#900000006,,7203,Toyota - SYNTHETIC TRADES,TSE,,,売付,,,100,3007,10
SYNTHETIC_DEMO,2026-04-30 10:00:00|2026-04-30 10:02:00,50|50,#900000101,,6758,Sony - SYNTHETIC TRADES,TSE,,,買付,,,100,3104,10
SYNTHETIC_DEMO,2026-05-22 10:00:00,100,#900000102,,6758,Sony - SYNTHETIC TRADES,TSE,,,売付,,,100,3495,10
SYNTHETIC_DEMO,2026-06-19 10:00:00|2026-06-19 10:03:00,100|100,#900000103,,6758,Sony - SYNTHETIC TRADES,TSE,,,買付,,,200,3139,20
SYNTHETIC_DEMO,2026-07-17 10:00:00,200,#900000104,,6758,Sony - SYNTHETIC TRADES,TSE,,,売付,,,200,3482,20
SYNTHETIC_DEMO,2026-08-21 10:00:00,100,#900000105,,6758,Sony - SYNTHETIC TRADES,TSE,,,買付,,,100,3768,10
SYNTHETIC_DEMO,2026-09-18 10:00:00,100,#900000106,,6758,Sony - SYNTHETIC TRADES,TSE,,,売付,,,100,3683,10
SYNTHETIC_DEMO,2026-04-30 10:00:00|2026-04-30 10:02:00,50|50,#900000201,,8306,MUFG - SYNTHETIC TRADES,TSE,,,買付,,,100,2814.5,10
SYNTHETIC_DEMO,2026-05-22 10:00:00,100,#900000202,,8306,MUFG - SYNTHETIC TRADES,TSE,,,売付,,,100,3127,10
SYNTHETIC_DEMO,2026-06-19 10:00:00|2026-06-19 10:03:00,100|100,#900000203,,8306,MUFG - SYNTHETIC TRADES,TSE,,,買付,,,200,3275,20
SYNTHETIC_DEMO,2026-07-17 10:00:00,200,#900000204,,8306,MUFG - SYNTHETIC TRADES,TSE,,,売付,,,200,3507,20
SYNTHETIC_DEMO,2026-08-21 10:00:00,100,#900000205,,8306,MUFG - SYNTHETIC TRADES,TSE,,,買付,,,100,3475,10
SYNTHETIC_DEMO,2026-09-18 10:00:00,100,#900000206,,8306,MUFG - SYNTHETIC TRADES,TSE,,,売付,,,100,3620,10
